date,county,daily_cases
2020-03-16,Cook,31
2020-03-17,Cook,72
2020-03-18,Cook,100
2020-03-19,Cook,133
2020-03-20,Cook,136
2020-03-21,Cook,257
2020-03-22,Cook,117
2020-03-23,Cook,272
2020-03-24,Cook,224
2020-03-25,Cook,486
2020-03-26,Cook,335
2020-03-27,Cook,374
2020-03-28,Cook,832
2020-03-29,Cook,282
2020-03-30,Cook,769
2020-03-31,Cook,656
2020-04-01,Cook,423
2020-04-02,Cook,898
2020-04-03,Cook,966
2020-04-04,Cook,604
2020-04-05,Cook,685
2020-04-06,Cook,781
2020-04-07,Cook,1011
2020-04-08,Cook,895
2020-04-09,Cook,1057
2020-04-10,Cook,945
2020-04-11,Cook,1168
2020-04-12,Cook,889
2020-04-13,Cook,849
2020-04-14,Cook,983
2020-04-15,Cook,781
2020-04-16,Cook,1304
2020-04-17,Cook,1004
2020-04-18,Cook,877
2020-04-19,Cook,829
2020-04-20,Cook,1080
2020-04-21,Cook,1365
2020-04-22,Cook,1265
2020-04-23,Cook,1805
2020-04-24,Cook,1442
2020-04-25,Cook,1516
2020-04-26,Cook,1379
2020-04-27,Cook,1496
2020-04-28,Cook,1431
2020-04-29,Cook,1633
2020-04-30,Cook,2155
2020-05-01,Cook,1559
2020-05-02,Cook,2097
2020-05-03,Cook,1391
2020-05-04,Cook,1508
2020-05-05,Cook,1466
2020-05-06,Cook,1652
2020-05-07,Cook,1895
2020-05-08,Cook,1438
2020-05-09,Cook,981
2020-05-10,Cook,726
2020-05-11,Cook,2089
2020-05-12,Cook,936
2020-05-13,Cook,2051
2020-05-14,Cook,1448
2020-05-15,Cook,1307
2020-05-16,Cook,1006
2020-05-17,Cook,1472
2020-05-18,Cook,1001
2020-05-19,Cook,1522
2020-05-20,Cook,1338
2020-05-21,Cook,1398
2020-05-22,Cook,1468
2020-05-23,Cook,1593
2020-05-24,Cook,1087
2020-05-25,Cook,722
2020-03-16,Kane,0
2020-03-17,Kane,1
2020-03-18,Kane,2
2020-03-19,Kane,2
2020-03-20,Kane,0
2020-03-21,Kane,5
2020-03-22,Kane,10
2020-03-23,Kane,1
2020-03-24,Kane,14
2020-03-25,Kane,19
2020-03-26,Kane,20
2020-03-27,Kane,13
2020-03-28,Kane,10
2020-03-29,Kane,13
2020-03-30,Kane,15
2020-03-31,Kane,14
2020-04-01,Kane,12
2020-04-02,Kane,22
2020-04-03,Kane,31
2020-04-04,Kane,13
2020-04-05,Kane,14
2020-04-06,Kane,21
2020-04-07,Kane,41
2020-04-08,Kane,22
2020-04-09,Kane,21
2020-04-10,Kane,37
2020-04-11,Kane,27
2020-04-12,Kane,18
2020-04-13,Kane,27
2020-04-14,Kane,15
2020-04-15,Kane,27
2020-04-16,Kane,48
2020-04-17,Kane,44
2020-04-18,Kane,23
2020-04-19,Kane,33
2020-04-20,Kane,46
2020-04-21,Kane,80
2020-04-22,Kane,99
2020-04-23,Kane,99
2020-04-24,Kane,87
2020-04-25,Kane,60
2020-04-26,Kane,76
2020-04-27,Kane,123
2020-04-28,Kane,104
2020-04-29,Kane,114
2020-04-30,Kane,151
2020-05-01,Kane,126
2020-05-02,Kane,132
2020-05-03,Kane,180
2020-05-04,Kane,91
2020-05-05,Kane,125
2020-05-06,Kane,167
2020-05-07,Kane,170
2020-05-08,Kane,150
2020-05-09,Kane,185
2020-05-10,Kane,123
2020-05-11,Kane,466
2020-05-12,Kane,152
2020-05-13,Kane,251
2020-05-14,Kane,164
2020-05-15,Kane,104
2020-05-16,Kane,133
2020-05-17,Kane,188
2020-05-18,Kane,98
2020-05-19,Kane,131
2020-05-20,Kane,168
2020-05-21,Kane,346
2020-05-22,Kane,248
2020-05-23,Kane,128
2020-05-24,Kane,143
2020-05-25,Kane,74
2020-03-16,McHenry,0
2020-03-17,McHenry,2
2020-03-18,McHenry,2
2020-03-19,McHenry,2
2020-03-20,McHenry,3
2020-03-21,McHenry,1
2020-03-22,McHenry,0
2020-03-23,McHenry,2
2020-03-24,McHenry,5
2020-03-25,McHenry,8
2020-03-26,McHenry,18
2020-03-27,McHenry,2
2020-03-28,McHenry,5
2020-03-29,McHenry,0
2020-03-30,McHenry,11
2020-03-31,McHenry,6
2020-04-01,McHenry,12
2020-04-02,McHenry,21
2020-04-03,McHenry,20
2020-04-04,McHenry,11
2020-04-05,McHenry,11
2020-04-06,McHenry,12
2020-04-07,McHenry,24
2020-04-08,McHenry,18
2020-04-09,McHenry,8
2020-04-10,McHenry,14
2020-04-11,McHenry,15
2020-04-12,McHenry,10
2020-04-13,McHenry,12
2020-04-14,McHenry,7
2020-04-15,McHenry,15
2020-04-16,McHenry,27
2020-04-17,McHenry,34
2020-04-18,McHenry,0
2020-04-19,McHenry,11
2020-04-20,McHenry,17
2020-04-21,McHenry,31
2020-04-22,McHenry,20
2020-04-23,McHenry,40
2020-04-24,McHenry,43
2020-04-25,McHenry,11
2020-04-26,McHenry,25
2020-04-27,McHenry,14
2020-04-28,McHenry,36
2020-04-29,McHenry,33
2020-04-30,McHenry,45
2020-05-01,McHenry,27
2020-05-02,McHenry,45
2020-05-03,McHenry,52
2020-05-04,McHenry,12
2020-05-05,McHenry,12
2020-05-06,McHenry,43
2020-05-07,McHenry,40
2020-05-08,McHenry,39
2020-05-09,McHenry,9
2020-05-10,McHenry,13
2020-05-11,McHenry,68
2020-05-12,McHenry,23
2020-05-13,McHenry,34
2020-05-14,McHenry,40
2020-05-15,McHenry,33
2020-05-16,McHenry,23
2020-05-17,McHenry,30
2020-05-18,McHenry,15
2020-05-19,McHenry,31
2020-05-20,McHenry,27
2020-05-21,McHenry,41
2020-05-22,McHenry,37
2020-05-23,McHenry,39
2020-05-24,McHenry,28
2020-05-25,McHenry,25
2020-03-16,Lake,1
2020-03-17,Lake,11
2020-03-18,Lake,19
2020-03-19,Lake,15
2020-03-20,Lake,11
2020-03-21,Lake,6
2020-03-22,Lake,27
2020-03-23,Lake,15
2020-03-24,Lake,28
2020-03-25,Lake,46
2020-03-26,Lake,45
2020-03-27,Lake,34
2020-03-28,Lake,36
2020-03-29,Lake,43
2020-03-30,Lake,46
2020-03-31,Lake,88
2020-04-01,Lake,63
2020-04-02,Lake,68
2020-04-03,Lake,81
2020-04-04,Lake,53
2020-04-05,Lake,73
2020-04-06,Lake,110
2020-04-07,Lake,116
2020-04-08,Lake,83
2020-04-09,Lake,106
2020-04-10,Lake,101
2020-04-11,Lake,114
2020-04-12,Lake,71
2020-04-13,Lake,105
2020-04-14,Lake,90
2020-04-15,Lake,56
2020-04-16,Lake,147
2020-04-17,Lake,159
2020-04-18,Lake,89
2020-04-19,Lake,54
2020-04-20,Lake,71
2020-04-21,Lake,92
2020-04-22,Lake,161
2020-04-23,Lake,177
2020-04-24,Lake,162
2020-04-25,Lake,111
2020-04-26,Lake,90
2020-04-27,Lake,112
2020-04-28,Lake,190
2020-04-29,Lake,127
2020-04-30,Lake,257
2020-05-01,Lake,209
2020-05-02,Lake,186
2020-05-03,Lake,91
2020-05-04,Lake,118
2020-05-05,Lake,159
2020-05-06,Lake,233
2020-05-07,Lake,223
2020-05-08,Lake,214
2020-05-09,Lake,46
2020-05-10,Lake,78
2020-05-11,Lake,339
2020-05-12,Lake,96
2020-05-13,Lake,234
2020-05-14,Lake,165
2020-05-15,Lake,225
2020-05-16,Lake,107
2020-05-17,Lake,156
2020-05-18,Lake,64
2020-05-19,Lake,196
2020-05-20,Lake,223
2020-05-21,Lake,163
2020-05-22,Lake,174
2020-05-23,Lake,150
2020-05-24,Lake,108
2020-05-25,Lake,44
2020-03-16,Cumberland,0
2020-03-17,Cumberland,0
2020-03-18,Cumberland,0
2020-03-19,Cumberland,0
2020-03-20,Cumberland,0
2020-03-21,Cumberland,0
2020-03-22,Cumberland,0
2020-03-23,Cumberland,0
2020-03-24,Cumberland,0
2020-03-25,Cumberland,0
2020-03-26,Cumberland,0
2020-03-27,Cumberland,0
2020-03-28,Cumberland,0
2020-03-29,Cumberland,0
2020-03-30,Cumberland,0
2020-03-31,Cumberland,0
2020-04-01,Cumberland,0
2020-04-02,Cumberland,0
2020-04-03,Cumberland,0
2020-04-04,Cumberland,0
2020-04-05,Cumberland,0
2020-04-06,Cumberland,0
2020-04-07,Cumberland,0
2020-04-08,Cumberland,1
2020-04-09,Cumberland,0
2020-04-10,Cumberland,0
2020-04-11,Cumberland,0
2020-04-12,Cumberland,0
2020-04-13,Cumberland,0
2020-04-14,Cumberland,0
2020-04-15,Cumberland,0
2020-04-16,Cumberland,0
2020-04-17,Cumberland,0
2020-04-18,Cumberland,0
2020-04-19,Cumberland,0
2020-04-20,Cumberland,0
2020-04-21,Cumberland,0
2020-04-22,Cumberland,0
2020-04-23,Cumberland,0
2020-04-24,Cumberland,1
2020-04-25,Cumberland,0
2020-04-26,Cumberland,0
2020-04-27,Cumberland,0
2020-04-28,Cumberland,0
2020-04-29,Cumberland,0
2020-04-30,Cumberland,0
2020-05-01,Cumberland,0
2020-05-02,Cumberland,0
2020-05-03,Cumberland,1
2020-05-04,Cumberland,0
2020-05-05,Cumberland,0
2020-05-06,Cumberland,0
2020-05-07,Cumberland,0
2020-05-08,Cumberland,0
2020-05-09,Cumberland,0
2020-05-10,Cumberland,0
2020-05-11,Cumberland,2
2020-05-12,Cumberland,1
2020-05-13,Cumberland,1
2020-05-14,Cumberland,0
2020-05-15,Cumberland,0
2020-05-16,Cumberland,0
2020-05-17,Cumberland,1
2020-05-18,Cumberland,0
2020-05-19,Cumberland,1
2020-05-20,Cumberland,0
2020-05-21,Cumberland,0
2020-05-22,Cumberland,0
2020-05-23,Cumberland,0
2020-05-24,Cumberland,0
2020-05-25,Cumberland,0
2020-03-16,DuPage,21
2020-03-17,DuPage,19
2020-03-18,DuPage,9
2020-03-19,DuPage,3
2020-03-20,DuPage,11
2020-03-21,DuPage,11
2020-03-22,DuPage,16
2020-03-23,DuPage,8
2020-03-24,DuPage,28
2020-03-25,DuPage,51
2020-03-26,DuPage,17
2020-03-27,DuPage,3
2020-03-28,DuPage,72
2020-03-29,DuPage,46
2020-03-30,DuPage,36
2020-03-31,DuPage,36
2020-04-01,DuPage,56
2020-04-02,DuPage,52
2020-04-03,DuPage,90
2020-04-04,DuPage,66
2020-04-05,DuPage,59
2020-04-06,DuPage,80
2020-04-07,DuPage,80
2020-04-08,DuPage,68
2020-04-09,DuPage,65
2020-04-10,DuPage,40
2020-04-11,DuPage,114
2020-04-12,DuPage,61
2020-04-13,DuPage,89
2020-04-14,DuPage,74
2020-04-15,DuPage,77
2020-04-16,DuPage,97
2020-04-17,DuPage,82
2020-04-18,DuPage,53
2020-04-19,DuPage,66
2020-04-20,DuPage,103
2020-04-21,DuPage,83
2020-04-22,DuPage,100
2020-04-23,DuPage,172
2020-04-24,DuPage,92
2020-04-25,DuPage,132
2020-04-26,DuPage,185
2020-04-27,DuPage,108
2020-04-28,DuPage,134
2020-04-29,DuPage,211
2020-04-30,DuPage,175
2020-05-01,DuPage,176
2020-05-02,DuPage,179
2020-05-03,DuPage,192
2020-05-04,DuPage,115
2020-05-05,DuPage,138
2020-05-06,DuPage,157
2020-05-07,DuPage,161
2020-05-08,DuPage,119
2020-05-09,DuPage,110
2020-05-10,DuPage,142
2020-05-11,DuPage,376
2020-05-12,DuPage,123
2020-05-13,DuPage,209
2020-05-14,DuPage,181
2020-05-15,DuPage,146
2020-05-16,DuPage,124
2020-05-17,DuPage,172
2020-05-18,DuPage,95
2020-05-19,DuPage,137
2020-05-20,DuPage,163
2020-05-21,DuPage,273
2020-05-22,DuPage,147
2020-05-23,DuPage,172
2020-05-24,DuPage,144
2020-05-25,DuPage,98
2020-03-16,Sangamon,0
2020-03-17,Sangamon,1
2020-03-18,Sangamon,0
2020-03-19,Sangamon,0
2020-03-20,Sangamon,0
2020-03-21,Sangamon,0
2020-03-22,Sangamon,0
2020-03-23,Sangamon,1
2020-03-24,Sangamon,0
2020-03-25,Sangamon,2
2020-03-26,Sangamon,0
2020-03-27,Sangamon,1
2020-03-28,Sangamon,1
2020-03-29,Sangamon,7
2020-03-30,Sangamon,0
2020-03-31,Sangamon,1
2020-04-01,Sangamon,6
2020-04-02,Sangamon,0
2020-04-03,Sangamon,8
2020-04-04,Sangamon,2
2020-04-05,Sangamon,2
2020-04-06,Sangamon,-3
2020-04-07,Sangamon,1
2020-04-08,Sangamon,6
2020-04-09,Sangamon,3
2020-04-10,Sangamon,1
2020-04-11,Sangamon,0
2020-04-12,Sangamon,5
2020-04-13,Sangamon,2
2020-04-14,Sangamon,0
2020-04-15,Sangamon,4
2020-04-16,Sangamon,4
2020-04-17,Sangamon,3
2020-04-18,Sangamon,1
2020-04-19,Sangamon,2
2020-04-20,Sangamon,4
2020-04-21,Sangamon,1
2020-04-22,Sangamon,7
2020-04-23,Sangamon,5
2020-04-24,Sangamon,14
2020-04-25,Sangamon,9
2020-04-26,Sangamon,9
2020-04-27,Sangamon,46
2020-04-28,Sangamon,10
2020-04-29,Sangamon,9
2020-04-30,Sangamon,17
2020-05-01,Sangamon,12
2020-05-02,Sangamon,1
2020-05-03,Sangamon,4
2020-05-04,Sangamon,4
2020-05-05,Sangamon,15
2020-05-06,Sangamon,6
2020-05-07,Sangamon,16
2020-05-08,Sangamon,3
2020-05-09,Sangamon,2
2020-05-10,Sangamon,17
2020-05-11,Sangamon,11
2020-05-12,Sangamon,6
2020-05-13,Sangamon,0
2020-05-14,Sangamon,8
2020-05-15,Sangamon,14
2020-05-16,Sangamon,4
2020-05-17,Sangamon,1
2020-05-18,Sangamon,4
2020-05-19,Sangamon,0
2020-05-20,Sangamon,1
2020-05-21,Sangamon,10
2020-05-22,Sangamon,1
2020-05-23,Sangamon,1
2020-05-24,Sangamon,0
2020-05-25,Sangamon,2
2020-03-16,St. Clair,0
2020-03-17,St. Clair,1
2020-03-18,St. Clair,0
2020-03-19,St. Clair,0
2020-03-20,St. Clair,0
2020-03-21,St. Clair,0
2020-03-22,St. Clair,1
2020-03-23,St. Clair,3
2020-03-24,St. Clair,0
2020-03-25,St. Clair,6
2020-03-26,St. Clair,2
2020-03-27,St. Clair,3
2020-03-28,St. Clair,13
2020-03-29,St. Clair,5
2020-03-30,St. Clair,7
2020-03-31,St. Clair,10
2020-04-01,St. Clair,2
2020-04-02,St. Clair,2
2020-04-03,St. Clair,23
2020-04-04,St. Clair,6
2020-04-05,St. Clair,6
2020-04-06,St. Clair,17
2020-04-07,St. Clair,18
2020-04-08,St. Clair,17
2020-04-09,St. Clair,15
2020-04-10,St. Clair,14
2020-04-11,St. Clair,16
2020-04-12,St. Clair,13
2020-04-13,St. Clair,18
2020-04-14,St. Clair,5
2020-04-15,St. Clair,14
2020-04-16,St. Clair,15
2020-04-17,St. Clair,11
2020-04-18,St. Clair,6
2020-04-19,St. Clair,5
2020-04-20,St. Clair,13
2020-04-21,St. Clair,27
2020-04-22,St. Clair,14
2020-04-23,St. Clair,20
2020-04-24,St. Clair,13
2020-04-25,St. Clair,28
2020-04-26,St. Clair,12
2020-04-27,St. Clair,31
2020-04-28,St. Clair,8
2020-04-29,St. Clair,33
2020-04-30,St. Clair,17
2020-05-01,St. Clair,15
2020-05-02,St. Clair,30
2020-05-03,St. Clair,14
2020-05-04,St. Clair,28
2020-05-05,St. Clair,22
2020-05-06,St. Clair,22
2020-05-07,St. Clair,25
2020-05-08,St. Clair,41
2020-05-09,St. Clair,22
2020-05-10,St. Clair,50
2020-05-11,St. Clair,10
2020-05-12,St. Clair,17
2020-05-13,St. Clair,0
2020-05-14,St. Clair,17
2020-05-15,St. Clair,45
2020-05-16,St. Clair,25
2020-05-17,St. Clair,18
2020-05-18,St. Clair,12
2020-05-19,St. Clair,21
2020-05-20,St. Clair,35
2020-05-21,St. Clair,22
2020-05-22,St. Clair,33
2020-05-23,St. Clair,63
2020-05-24,St. Clair,18
2020-05-25,St. Clair,20
2020-03-16,Woodford,0
2020-03-17,Woodford,1
2020-03-18,Woodford,0
2020-03-19,Woodford,0
2020-03-20,Woodford,0
2020-03-21,Woodford,0
2020-03-22,Woodford,0
2020-03-23,Woodford,1
2020-03-24,Woodford,0
2020-03-25,Woodford,0
2020-03-26,Woodford,0
2020-03-27,Woodford,0
2020-03-28,Woodford,0
2020-03-29,Woodford,0
2020-03-30,Woodford,0
2020-03-31,Woodford,0
2020-04-01,Woodford,0
2020-04-02,Woodford,1
2020-04-03,Woodford,2
2020-04-04,Woodford,0
2020-04-05,Woodford,0
2020-04-06,Woodford,1
2020-04-07,Woodford,0
2020-04-08,Woodford,0
2020-04-09,Woodford,0
2020-04-10,Woodford,0
2020-04-11,Woodford,0
2020-04-12,Woodford,2
2020-04-13,Woodford,1
2020-04-14,Woodford,1
2020-04-15,Woodford,0
2020-04-16,Woodford,0
2020-04-17,Woodford,0
2020-04-18,Woodford,0
2020-04-19,Woodford,0
2020-04-20,Woodford,0
2020-04-21,Woodford,0
2020-04-22,Woodford,0
2020-04-23,Woodford,0
2020-04-24,Woodford,0
2020-04-25,Woodford,0
2020-04-26,Woodford,0
2020-04-27,Woodford,1
2020-04-28,Woodford,0
2020-04-29,Woodford,1
2020-04-30,Woodford,1
2020-05-01,Woodford,-1
2020-05-02,Woodford,0
2020-05-03,Woodford,0
2020-05-04,Woodford,0
2020-05-05,Woodford,2
2020-05-06,Woodford,0
2020-05-07,Woodford,0
2020-05-08,Woodford,0
2020-05-09,Woodford,0
2020-05-10,Woodford,0
2020-05-11,Woodford,0
2020-05-12,Woodford,0
2020-05-13,Woodford,-1
2020-05-14,Woodford,0
2020-05-15,Woodford,0
2020-05-16,Woodford,0
2020-05-17,Woodford,2
2020-05-18,Woodford,0
2020-05-19,Woodford,2
2020-05-20,Woodford,0
2020-05-21,Woodford,0
2020-05-22,Woodford,0
2020-05-23,Woodford,0
2020-05-24,Woodford,0
2020-05-25,Woodford,1
2020-03-16,Clinton,1
2020-03-17,Clinton,1
2020-03-18,Clinton,0
2020-03-19,Clinton,0
2020-03-20,Clinton,0
2020-03-21,Clinton,0
2020-03-22,Clinton,0
2020-03-23,Clinton,0
2020-03-24,Clinton,1
2020-03-25,Clinton,1
2020-03-26,Clinton,0
2020-03-27,Clinton,0
2020-03-28,Clinton,1
2020-03-29,Clinton,0
2020-03-30,Clinton,1
2020-03-31,Clinton,1
2020-04-01,Clinton,0
2020-04-02,Clinton,0
2020-04-03,Clinton,2
2020-04-04,Clinton,0
2020-04-05,Clinton,1
2020-04-06,Clinton,0
2020-04-07,Clinton,2
2020-04-08,Clinton,18
2020-04-09,Clinton,1
2020-04-10,Clinton,5
2020-04-11,Clinton,0
2020-04-12,Clinton,1
2020-04-13,Clinton,0
2020-04-14,Clinton,1
2020-04-15,Clinton,0
2020-04-16,Clinton,3
2020-04-17,Clinton,2
2020-04-18,Clinton,1
2020-04-19,Clinton,0
2020-04-20,Clinton,1
2020-04-21,Clinton,3
2020-04-22,Clinton,2
2020-04-23,Clinton,22
2020-04-24,Clinton,9
2020-04-25,Clinton,2
2020-04-26,Clinton,1
2020-04-27,Clinton,5
2020-04-28,Clinton,11
2020-04-29,Clinton,5
2020-04-30,Clinton,4
2020-05-01,Clinton,0
2020-05-02,Clinton,2
2020-05-03,Clinton,2
2020-05-04,Clinton,1
2020-05-05,Clinton,1
2020-05-06,Clinton,6
2020-05-07,Clinton,3
2020-05-08,Clinton,1
2020-05-09,Clinton,0
2020-05-10,Clinton,1
2020-05-11,Clinton,1
2020-05-12,Clinton,14
2020-05-13,Clinton,13
2020-05-14,Clinton,4
2020-05-15,Clinton,3
2020-05-16,Clinton,-1
2020-05-17,Clinton,0
2020-05-18,Clinton,4
2020-05-19,Clinton,2
2020-05-20,Clinton,2
2020-05-21,Clinton,4
2020-05-22,Clinton,3
2020-05-23,Clinton,0
2020-05-24,Clinton,1
2020-05-25,Clinton,1
2020-03-16,Whiteside,0
2020-03-17,Whiteside,0
2020-03-18,Whiteside,0
2020-03-19,Whiteside,0
2020-03-20,Whiteside,0
2020-03-21,Whiteside,0
2020-03-22,Whiteside,0
2020-03-23,Whiteside,0
2020-03-24,Whiteside,0
2020-03-25,Whiteside,0
2020-03-26,Whiteside,1
2020-03-27,Whiteside,0
2020-03-28,Whiteside,1
2020-03-29,Whiteside,1
2020-03-30,Whiteside,1
2020-03-31,Whiteside,0
2020-04-01,Whiteside,1
2020-04-02,Whiteside,3
2020-04-03,Whiteside,6
2020-04-04,Whiteside,3
2020-04-05,Whiteside,0
2020-04-06,Whiteside,3
2020-04-07,Whiteside,0
2020-04-08,Whiteside,2
2020-04-09,Whiteside,1
2020-04-10,Whiteside,1
2020-04-11,Whiteside,1
2020-04-12,Whiteside,2
2020-04-13,Whiteside,2
2020-04-14,Whiteside,-1
2020-04-15,Whiteside,1
2020-04-16,Whiteside,1
2020-04-17,Whiteside,5
2020-04-18,Whiteside,0
2020-04-19,Whiteside,5
2020-04-20,Whiteside,1
2020-04-21,Whiteside,3
2020-04-22,Whiteside,4
2020-04-23,Whiteside,4
2020-04-24,Whiteside,6
2020-04-25,Whiteside,3
2020-04-26,Whiteside,5
2020-04-27,Whiteside,9
2020-04-28,Whiteside,-1
2020-04-29,Whiteside,9
2020-04-30,Whiteside,3
2020-05-01,Whiteside,5
2020-05-02,Whiteside,0
2020-05-03,Whiteside,0
2020-05-04,Whiteside,2
2020-05-05,Whiteside,4
2020-05-06,Whiteside,1
2020-05-07,Whiteside,2
2020-05-08,Whiteside,1
2020-05-09,Whiteside,2
2020-05-10,Whiteside,6
2020-05-11,Whiteside,1
2020-05-12,Whiteside,1
2020-05-13,Whiteside,0
2020-05-14,Whiteside,1
2020-05-15,Whiteside,6
2020-05-16,Whiteside,3
2020-05-17,Whiteside,1
2020-05-18,Whiteside,3
2020-05-19,Whiteside,5
2020-05-20,Whiteside,2
2020-05-21,Whiteside,0
2020-05-22,Whiteside,2
2020-05-23,Whiteside,0
2020-05-24,Whiteside,0
2020-05-25,Whiteside,0
2020-03-16,Winnebago,0
2020-03-17,Winnebago,0
2020-03-18,Winnebago,0
2020-03-19,Winnebago,1
2020-03-20,Winnebago,2
2020-03-21,Winnebago,0
2020-03-22,Winnebago,1
2020-03-23,Winnebago,0
2020-03-24,Winnebago,2
2020-03-25,Winnebago,1
2020-03-26,Winnebago,0
2020-03-27,Winnebago,1
2020-03-28,Winnebago,3
2020-03-29,Winnebago,1
2020-03-30,Winnebago,2
2020-03-31,Winnebago,3
2020-04-01,Winnebago,6
2020-04-02,Winnebago,4
2020-04-03,Winnebago,8
2020-04-04,Winnebago,6
2020-04-05,Winnebago,7
2020-04-06,Winnebago,10
2020-04-07,Winnebago,4
2020-04-08,Winnebago,3
2020-04-09,Winnebago,11
2020-04-10,Winnebago,3
2020-04-11,Winnebago,14
2020-04-12,Winnebago,5
2020-04-13,Winnebago,2
2020-04-14,Winnebago,18
2020-04-15,Winnebago,2
2020-04-16,Winnebago,24
2020-04-17,Winnebago,27
2020-04-18,Winnebago,6
2020-04-19,Winnebago,17
2020-04-20,Winnebago,12
2020-04-21,Winnebago,31
2020-04-22,Winnebago,14
2020-04-23,Winnebago,27
2020-04-24,Winnebago,23
2020-04-25,Winnebago,16
2020-04-26,Winnebago,25
2020-04-27,Winnebago,22
2020-04-28,Winnebago,27
2020-04-29,Winnebago,50
2020-04-30,Winnebago,43
2020-05-01,Winnebago,36
2020-05-02,Winnebago,58
2020-05-03,Winnebago,59
2020-05-04,Winnebago,11
2020-05-05,Winnebago,47
2020-05-06,Winnebago,63
2020-05-07,Winnebago,71
2020-05-08,Winnebago,47
2020-05-09,Winnebago,40
2020-05-10,Winnebago,15
2020-05-11,Winnebago,227
2020-05-12,Winnebago,49
2020-05-13,Winnebago,129
2020-05-14,Winnebago,53
2020-05-15,Winnebago,54
2020-05-16,Winnebago,57
2020-05-17,Winnebago,57
2020-05-18,Winnebago,30
2020-05-19,Winnebago,60
2020-05-20,Winnebago,36
2020-05-21,Winnebago,96
2020-05-22,Winnebago,58
2020-05-23,Winnebago,87
2020-05-24,Winnebago,28
2020-05-25,Winnebago,40
2020-03-16,Peoria,0
2020-03-17,Peoria,2
2020-03-18,Peoria,0
2020-03-19,Peoria,0
2020-03-20,Peoria,0
2020-03-21,Peoria,0
2020-03-22,Peoria,0
2020-03-23,Peoria,0
2020-03-24,Peoria,1
2020-03-25,Peoria,1
2020-03-26,Peoria,1
2020-03-27,Peoria,1
2020-03-28,Peoria,1
2020-03-29,Peoria,0
2020-03-30,Peoria,0
2020-03-31,Peoria,2
2020-04-01,Peoria,1
2020-04-02,Peoria,0
2020-04-03,Peoria,0
2020-04-04,Peoria,3
2020-04-05,Peoria,-2
2020-04-06,Peoria,1
2020-04-07,Peoria,3
2020-04-08,Peoria,0
2020-04-09,Peoria,4
2020-04-10,Peoria,3
2020-04-11,Peoria,4
2020-04-12,Peoria,3
2020-04-13,Peoria,1
2020-04-14,Peoria,2
2020-04-15,Peoria,1
2020-04-16,Peoria,0
2020-04-17,Peoria,3
2020-04-18,Peoria,2
2020-04-19,Peoria,4
2020-04-20,Peoria,1
2020-04-21,Peoria,2
2020-04-22,Peoria,8
2020-04-23,Peoria,2
2020-04-24,Peoria,4
2020-04-25,Peoria,5
2020-04-26,Peoria,3
2020-04-27,Peoria,10
2020-04-28,Peoria,7
2020-04-29,Peoria,1
2020-04-30,Peoria,7
2020-05-01,Peoria,8
2020-05-02,Peoria,5
2020-05-03,Peoria,1
2020-05-04,Peoria,6
2020-05-05,Peoria,13
2020-05-06,Peoria,4
2020-05-07,Peoria,2
2020-05-08,Peoria,4
2020-05-09,Peoria,3
2020-05-10,Peoria,3
2020-05-11,Peoria,3
2020-05-12,Peoria,3
2020-05-13,Peoria,3
2020-05-14,Peoria,5
2020-05-15,Peoria,0
2020-05-16,Peoria,3
2020-05-17,Peoria,1
2020-05-18,Peoria,5
2020-05-19,Peoria,2
2020-05-20,Peoria,2
2020-05-21,Peoria,7
2020-05-22,Peoria,1
2020-05-23,Peoria,1
2020-05-24,Peoria,3
2020-05-25,Peoria,5
2020-03-16,Will,1
2020-03-17,Will,7
2020-03-18,Will,2
2020-03-19,Will,1
2020-03-20,Will,0
2020-03-21,Will,9
2020-03-22,Will,3
2020-03-23,Will,0
2020-03-24,Will,26
2020-03-25,Will,17
2020-03-26,Will,37
2020-03-27,Will,52
2020-03-28,Will,36
2020-03-29,Will,32
2020-03-30,Will,4
2020-03-31,Will,94
2020-04-01,Will,62
2020-04-02,Will,71
2020-04-03,Will,151
2020-04-04,Will,62
2020-04-05,Will,29
2020-04-06,Will,143
2020-04-07,Will,74
2020-04-08,Will,98
2020-04-09,Will,65
2020-04-10,Will,49
2020-04-11,Will,102
2020-04-12,Will,55
2020-04-13,Will,67
2020-04-14,Will,83
2020-04-15,Will,61
2020-04-16,Will,72
2020-04-17,Will,37
2020-04-18,Will,40
2020-04-19,Will,49
2020-04-20,Will,44
2020-04-21,Will,84
2020-04-22,Will,65
2020-04-23,Will,124
2020-04-24,Will,51
2020-04-25,Will,66
2020-04-26,Will,47
2020-04-27,Will,81
2020-04-28,Will,115
2020-04-29,Will,123
2020-04-30,Will,125
2020-05-01,Will,179
2020-05-02,Will,72
2020-05-03,Will,198
2020-05-04,Will,84
2020-05-05,Will,182
2020-05-06,Will,102
2020-05-07,Will,127
2020-05-08,Will,75
2020-05-09,Will,48
2020-05-10,Will,56
2020-05-11,Will,156
2020-05-12,Will,77
2020-05-13,Will,117
2020-05-14,Will,187
2020-05-15,Will,35
2020-05-16,Will,76
2020-05-17,Will,120
2020-05-18,Will,69
2020-05-19,Will,141
2020-05-20,Will,93
2020-05-21,Will,155
2020-05-22,Will,46
2020-05-23,Will,105
2020-05-24,Will,71
2020-05-25,Will,67
2020-03-16,Jackson,0
2020-03-17,Jackson,0
2020-03-18,Jackson,0
2020-03-19,Jackson,0
2020-03-20,Jackson,0
2020-03-21,Jackson,0
2020-03-22,Jackson,0
2020-03-23,Jackson,0
2020-03-24,Jackson,0
2020-03-25,Jackson,2
2020-03-26,Jackson,0
2020-03-27,Jackson,1
2020-03-28,Jackson,0
2020-03-29,Jackson,0
2020-03-30,Jackson,2
2020-03-31,Jackson,2
2020-04-01,Jackson,2
2020-04-02,Jackson,2
2020-04-03,Jackson,4
2020-04-04,Jackson,5
2020-04-05,Jackson,1
2020-04-06,Jackson,4
2020-04-07,Jackson,1
2020-04-08,Jackson,3
2020-04-09,Jackson,4
2020-04-10,Jackson,0
2020-04-11,Jackson,1
2020-04-12,Jackson,4
2020-04-13,Jackson,0
2020-04-14,Jackson,1
2020-04-15,Jackson,2
2020-04-16,Jackson,0
2020-04-17,Jackson,2
2020-04-18,Jackson,4
2020-04-19,Jackson,2
2020-04-20,Jackson,3
2020-04-21,Jackson,3
2020-04-22,Jackson,0
2020-04-23,Jackson,11
2020-04-24,Jackson,1
2020-04-25,Jackson,7
2020-04-26,Jackson,7
2020-04-27,Jackson,25
2020-04-28,Jackson,13
2020-04-29,Jackson,5
2020-04-30,Jackson,14
2020-05-01,Jackson,1
2020-05-02,Jackson,6
2020-05-03,Jackson,8
2020-05-04,Jackson,3
2020-05-05,Jackson,4
2020-05-06,Jackson,1
2020-05-07,Jackson,5
2020-05-08,Jackson,-1
2020-05-09,Jackson,1
2020-05-10,Jackson,4
2020-05-11,Jackson,4
2020-05-12,Jackson,2
2020-05-13,Jackson,4
2020-05-14,Jackson,0
2020-05-15,Jackson,0
2020-05-16,Jackson,5
2020-05-17,Jackson,1
2020-05-18,Jackson,5
2020-05-19,Jackson,5
2020-05-20,Jackson,10
2020-05-21,Jackson,12
2020-05-22,Jackson,9
2020-05-23,Jackson,0
2020-03-16,Kankakee,0
2020-03-17,Kankakee,0
2020-03-18,Kankakee,1
2020-03-19,Kankakee,0
2020-03-20,Kankakee,1
2020-03-21,Kankakee,1
2020-03-22,Kankakee,2
2020-03-23,Kankakee,9
2020-03-24,Kankakee,2
2020-03-25,Kankakee,10
2020-03-26,Kankakee,11
2020-03-27,Kankakee,0
2020-03-28,Kankakee,9
2020-03-29,Kankakee,10
2020-03-30,Kankakee,2
2020-03-31,Kankakee,9
2020-04-01,Kankakee,6
2020-04-02,Kankakee,2
2020-04-03,Kankakee,14
2020-04-04,Kankakee,38
2020-04-05,Kankakee,17
2020-04-06,Kankakee,11
2020-04-07,Kankakee,11
2020-04-08,Kankakee,18
2020-04-09,Kankakee,19
2020-04-10,Kankakee,6
2020-04-11,Kankakee,18
2020-04-12,Kankakee,0
2020-04-13,Kankakee,24
2020-04-14,Kankakee,8
2020-04-15,Kankakee,12
2020-04-16,Kankakee,3
2020-04-17,Kankakee,3
2020-04-18,Kankakee,0
2020-04-19,Kankakee,7
2020-04-20,Kankakee,4
2020-04-21,Kankakee,8
2020-04-22,Kankakee,2
2020-04-23,Kankakee,5
2020-04-24,Kankakee,5
2020-04-25,Kankakee,4
2020-04-26,Kankakee,13
2020-04-27,Kankakee,12
2020-04-28,Kankakee,12
2020-04-29,Kankakee,8
2020-04-30,Kankakee,0
2020-05-01,Kankakee,25
2020-05-02,Kankakee,10
2020-05-03,Kankakee,23
2020-05-04,Kankakee,12
2020-05-05,Kankakee,30
2020-05-06,Kankakee,21
2020-05-07,Kankakee,61
2020-05-08,Kankakee,213
2020-05-09,Kankakee,56
2020-05-10,Kankakee,26
2020-05-11,Kankakee,39
2020-05-12,Kankakee,19
2020-05-13,Kankakee,0
2020-05-14,Kankakee,0
2020-05-15,Kankakee,64
2020-05-16,Kankakee,10
2020-05-17,Kankakee,25
2020-05-18,Kankakee,20
2020-05-19,Kankakee,29
2020-05-20,Kankakee,0
2020-05-21,Kankakee,0
2020-05-22,Kankakee,0
2020-05-23,Kankakee,55
2020-03-16,Kendall,0
2020-03-17,Kendall,0
2020-03-18,Kendall,0
2020-03-19,Kendall,1
2020-03-20,Kendall,0
2020-03-21,Kendall,0
2020-03-22,Kendall,2
2020-03-23,Kendall,1
2020-03-24,Kendall,1
2020-03-25,Kendall,3
2020-03-26,Kendall,4
2020-03-27,Kendall,3
2020-03-28,Kendall,1
2020-03-29,Kendall,8
2020-03-30,Kendall,9
2020-03-31,Kendall,1
2020-04-01,Kendall,10
2020-04-02,Kendall,2
2020-04-03,Kendall,6
2020-04-04,Kendall,6
2020-04-05,Kendall,18
2020-04-06,Kendall,7
2020-04-07,Kendall,6
2020-04-08,Kendall,11
2020-04-09,Kendall,2
2020-04-10,Kendall,9
2020-04-11,Kendall,0
2020-04-12,Kendall,2
2020-04-13,Kendall,3
2020-04-14,Kendall,4
2020-04-15,Kendall,12
2020-04-16,Kendall,0
2020-04-17,Kendall,3
2020-04-18,Kendall,8
2020-04-19,Kendall,11
2020-04-20,Kendall,14
2020-04-21,Kendall,20
2020-04-22,Kendall,12
2020-04-23,Kendall,5
2020-04-24,Kendall,10
2020-04-25,Kendall,17
2020-04-26,Kendall,20
2020-04-27,Kendall,11
2020-04-28,Kendall,15
2020-04-29,Kendall,10
2020-04-30,Kendall,14
2020-05-01,Kendall,21
2020-05-02,Kendall,8
2020-05-03,Kendall,12
2020-05-04,Kendall,17
2020-05-05,Kendall,10
2020-05-06,Kendall,15
2020-05-07,Kendall,33
2020-05-08,Kendall,10
2020-05-09,Kendall,46
2020-05-10,Kendall,20
2020-05-11,Kendall,21
2020-05-12,Kendall,13
2020-05-13,Kendall,28
2020-05-14,Kendall,4
2020-05-15,Kendall,16
2020-05-16,Kendall,23
2020-05-17,Kendall,33
2020-05-18,Kendall,15
2020-05-19,Kendall,30
2020-05-20,Kendall,25
2020-05-21,Kendall,4
2020-05-22,Kendall,13
2020-05-23,Kendall,32
2020-03-16,LaSalle,0
2020-03-17,LaSalle,0
2020-03-18,LaSalle,0
2020-03-19,LaSalle,0
2020-03-20,LaSalle,1
2020-03-21,LaSalle,1
2020-03-22,LaSalle,0
2020-03-23,LaSalle,0
2020-03-24,LaSalle,0
2020-03-25,LaSalle,1
2020-03-26,LaSalle,0
2020-03-27,LaSalle,1
2020-03-28,LaSalle,1
2020-03-29,LaSalle,0
2020-03-30,LaSalle,0
2020-03-31,LaSalle,0
2020-04-01,LaSalle,1
2020-04-02,LaSalle,1
2020-04-03,LaSalle,3
2020-04-04,LaSalle,4
2020-04-05,LaSalle,2
2020-04-06,LaSalle,0
2020-04-07,LaSalle,2
2020-04-08,LaSalle,-1
2020-04-09,LaSalle,2
2020-04-10,LaSalle,1
2020-04-11,LaSalle,2
2020-04-12,LaSalle,1
2020-04-13,LaSalle,1
2020-04-14,LaSalle,2
2020-04-15,LaSalle,0
2020-04-16,LaSalle,1
2020-04-17,LaSalle,2
2020-04-18,LaSalle,3
2020-04-19,LaSalle,5
2020-04-20,LaSalle,1
2020-04-21,LaSalle,3
2020-04-22,LaSalle,1
2020-04-23,LaSalle,1
2020-04-24,LaSalle,2
2020-04-25,LaSalle,3
2020-04-26,LaSalle,0
2020-04-27,LaSalle,4
2020-04-28,LaSalle,1
2020-04-29,LaSalle,11
2020-04-30,LaSalle,2
2020-05-01,LaSalle,3
2020-05-02,LaSalle,-1
2020-05-03,LaSalle,15
2020-05-04,LaSalle,7
2020-05-05,LaSalle,2
2020-05-06,LaSalle,9
2020-05-07,LaSalle,3
2020-05-08,LaSalle,0
2020-05-09,LaSalle,1
2020-05-10,LaSalle,5
2020-05-11,LaSalle,2
2020-05-12,LaSalle,4
2020-05-13,LaSalle,4
2020-05-14,LaSalle,-1
2020-05-15,LaSalle,1
2020-05-16,LaSalle,0
2020-05-17,LaSalle,9
2020-05-18,LaSalle,-1
2020-05-19,LaSalle,1
2020-05-20,LaSalle,4
2020-05-21,LaSalle,5
2020-05-22,LaSalle,1
2020-05-23,LaSalle,0
2020-03-16,Madison,0
2020-03-17,Madison,0
2020-03-18,Madison,1
2020-03-19,Madison,0
2020-03-20,Madison,1
2020-03-21,Madison,0
2020-03-22,Madison,0
2020-03-23,Madison,3
2020-03-24,Madison,2
2020-03-25,Madison,2
2020-03-26,Madison,2
2020-03-27,Madison,1
2020-03-28,Madison,3
2020-03-29,Madison,9
2020-03-30,Madison,4
2020-03-31,Madison,2
2020-04-01,Madison,16
2020-04-02,Madison,1
2020-04-03,Madison,4
2020-04-04,Madison,11
2020-04-05,Madison,19
2020-04-06,Madison,7
2020-04-07,Madison,12
2020-04-08,Madison,2
2020-04-09,Madison,7
2020-04-10,Madison,5
2020-04-11,Madison,13
2020-04-12,Madison,7
2020-04-13,Madison,16
2020-04-14,Madison,6
2020-04-15,Madison,12
2020-04-16,Madison,11
2020-04-17,Madison,4
2020-04-18,Madison,6
2020-04-19,Madison,36
2020-04-20,Madison,9
2020-04-21,Madison,33
2020-04-22,Madison,12
2020-04-23,Madison,25
2020-04-24,Madison,1
2020-04-25,Madison,12
2020-04-26,Madison,6
2020-04-27,Madison,9
2020-04-28,Madison,2
2020-04-29,Madison,2
2020-04-30,Madison,28
2020-05-01,Madison,0
2020-05-02,Madison,4
2020-05-03,Madison,5
2020-05-04,Madison,22
2020-05-05,Madison,5
2020-05-06,Madison,13
2020-05-07,Madison,13
2020-05-08,Madison,8
2020-05-09,Madison,10
2020-05-10,Madison,4
2020-05-11,Madison,12
2020-05-12,Madison,3
2020-05-13,Madison,17
2020-05-14,Madison,9
2020-05-15,Madison,3
2020-05-16,Madison,6
2020-05-17,Madison,3
2020-05-18,Madison,4
2020-05-19,Madison,10
2020-05-20,Madison,12
2020-05-21,Madison,7
2020-05-22,Madison,4
2020-05-23,Madison,6
2020-03-16,Washington,0
2020-03-17,Washington,0
2020-03-18,Washington,0
2020-03-19,Washington,0
2020-03-20,Washington,0
2020-03-21,Washington,0
2020-03-22,Washington,0
2020-03-23,Washington,0
2020-03-24,Washington,0
2020-03-25,Washington,0
2020-03-26,Washington,0
2020-03-27,Washington,0
2020-03-28,Washington,0
2020-03-29,Washington,0
2020-03-30,Washington,0
2020-03-31,Washington,0
2020-04-01,Washington,0
2020-04-02,Washington,0
2020-04-03,Washington,1
2020-04-04,Washington,0
2020-04-05,Washington,0
2020-04-06,Washington,0
2020-04-07,Washington,0
2020-04-08,Washington,0
2020-04-09,Washington,0
2020-04-10,Washington,0
2020-04-11,Washington,0
2020-04-12,Washington,1
2020-04-13,Washington,1
2020-04-14,Washington,1
2020-04-15,Washington,1
2020-04-16,Washington,1
2020-04-17,Washington,0
2020-04-18,Washington,0
2020-04-19,Washington,0
2020-04-20,Washington,0
2020-04-21,Washington,0
2020-04-22,Washington,0
2020-04-23,Washington,1
2020-04-24,Washington,0
2020-04-25,Washington,0
2020-04-26,Washington,2
2020-04-27,Washington,0
2020-04-28,Washington,0
2020-04-29,Washington,3
2020-04-30,Washington,0
2020-05-01,Washington,0
2020-05-02,Washington,1
2020-05-03,Washington,1
2020-05-04,Washington,-1
2020-05-05,Washington,0
2020-05-06,Washington,1
2020-05-07,Washington,0
2020-05-08,Washington,2
2020-05-09,Washington,0
2020-05-10,Washington,0
2020-05-11,Washington,0
2020-05-12,Washington,0
2020-05-13,Washington,0
2020-05-14,Washington,0
2020-05-15,Washington,0
2020-05-16,Washington,1
2020-05-17,Washington,0
2020-05-18,Washington,0
2020-05-19,Washington,0
2020-05-20,Washington,0
2020-05-21,Washington,0
2020-05-22,Washington,0
2020-05-23,Washington,0
2020-03-16,Williamson,0
2020-03-17,Williamson,0
2020-03-18,Williamson,0
2020-03-19,Williamson,0
2020-03-20,Williamson,0
2020-03-21,Williamson,0
2020-03-22,Williamson,0
2020-03-23,Williamson,0
2020-03-24,Williamson,0
2020-03-25,Williamson,0
2020-03-26,Williamson,0
2020-03-27,Williamson,0
2020-03-28,Williamson,0
2020-03-29,Williamson,0
2020-03-30,Williamson,0
2020-03-31,Williamson,1
2020-04-01,Williamson,1
2020-04-02,Williamson,0
2020-04-03,Williamson,0
2020-04-04,Williamson,5
2020-04-05,Williamson,1
2020-04-06,Williamson,1
2020-04-07,Williamson,0
2020-04-08,Williamson,0
2020-04-09,Williamson,0
2020-04-10,Williamson,0
2020-04-11,Williamson,0
2020-04-12,Williamson,2
2020-04-13,Williamson,0
2020-04-14,Williamson,1
2020-04-15,Williamson,0
2020-04-16,Williamson,1
2020-04-17,Williamson,1
2020-04-18,Williamson,1
2020-04-19,Williamson,1
2020-04-20,Williamson,2
2020-04-21,Williamson,3
2020-04-22,Williamson,0
2020-04-23,Williamson,3
2020-04-24,Williamson,0
2020-04-25,Williamson,3
2020-04-26,Williamson,1
2020-04-27,Williamson,2
2020-04-28,Williamson,1
2020-04-29,Williamson,0
2020-04-30,Williamson,2
2020-05-01,Williamson,1
2020-05-02,Williamson,2
2020-05-03,Williamson,3
2020-05-04,Williamson,2
2020-05-05,Williamson,2
2020-05-06,Williamson,0
2020-05-07,Williamson,0
2020-05-08,Williamson,0
2020-05-09,Williamson,0
2020-05-10,Williamson,8
2020-05-11,Williamson,0
2020-05-12,Williamson,-1
2020-05-13,Williamson,1
2020-05-14,Williamson,0
2020-05-15,Williamson,0
2020-05-16,Williamson,0
2020-05-17,Williamson,3
2020-05-18,Williamson,0
2020-05-19,Williamson,-1
2020-05-20,Williamson,0
2020-05-21,Williamson,1
2020-05-22,Williamson,0
2020-05-23,Williamson,-1
2020-03-16,Adams,0
2020-03-17,Adams,0
2020-03-18,Adams,0
2020-03-19,Adams,0
2020-03-20,Adams,0
2020-03-21,Adams,0
2020-03-22,Adams,0
2020-03-23,Adams,0
2020-03-24,Adams,1
2020-03-25,Adams,0
2020-03-26,Adams,0
2020-03-27,Adams,0
2020-03-28,Adams,0
2020-03-29,Adams,0
2020-03-30,Adams,1
2020-03-31,Adams,0
2020-04-01,Adams,5
2020-04-02,Adams,1
2020-04-03,Adams,0
2020-04-04,Adams,13
2020-04-05,Adams,2
2020-04-06,Adams,1
2020-04-07,Adams,0
2020-04-08,Adams,1
2020-04-09,Adams,1
2020-04-10,Adams,0
2020-04-11,Adams,2
2020-04-12,Adams,1
2020-04-13,Adams,1
2020-04-14,Adams,3
2020-04-15,Adams,-5
2020-04-16,Adams,0
2020-04-17,Adams,0
2020-04-18,Adams,0
2020-04-19,Adams,3
2020-04-20,Adams,0
2020-04-21,Adams,0
2020-04-22,Adams,1
2020-04-23,Adams,7
2020-04-24,Adams,0
2020-04-25,Adams,0
2020-04-26,Adams,0
2020-04-27,Adams,0
2020-04-28,Adams,0
2020-04-29,Adams,0
2020-04-30,Adams,0
2020-05-01,Adams,0
2020-05-02,Adams,0
2020-05-03,Adams,1
2020-05-04,Adams,0
2020-05-05,Adams,0
2020-05-06,Adams,0
2020-05-07,Adams,0
2020-05-08,Adams,0
2020-05-09,Adams,0
2020-05-10,Adams,1
2020-05-11,Adams,0
2020-05-12,Adams,0
2020-05-13,Adams,0
2020-05-14,Adams,0
2020-05-15,Adams,1
2020-05-16,Adams,2
2020-05-17,Adams,-1
2020-05-18,Adams,0
2020-05-19,Adams,0
2020-05-20,Adams,0
2020-05-21,Adams,0
2020-03-16,Christian,0
2020-03-17,Christian,0
2020-03-18,Christian,0
2020-03-19,Christian,0
2020-03-20,Christian,0
2020-03-21,Christian,0
2020-03-22,Christian,0
2020-03-23,Christian,0
2020-03-24,Christian,18
2020-03-25,Christian,0
2020-03-26,Christian,-5
2020-03-27,Christian,0
2020-03-28,Christian,1
2020-03-29,Christian,2
2020-03-30,Christian,1
2020-03-31,Christian,3
2020-04-01,Christian,1
2020-04-02,Christian,2
2020-04-03,Christian,0
2020-04-04,Christian,0
2020-04-05,Christian,0
2020-04-06,Christian,0
2020-04-07,Christian,0
2020-04-08,Christian,1
2020-04-09,Christian,0
2020-04-10,Christian,0
2020-04-11,Christian,0
2020-04-12,Christian,0
2020-04-13,Christian,0
2020-04-14,Christian,0
2020-04-15,Christian,2
2020-04-16,Christian,-1
2020-04-17,Christian,0
2020-04-18,Christian,0
2020-04-19,Christian,1
2020-04-20,Christian,1
2020-04-21,Christian,0
2020-04-22,Christian,0
2020-04-23,Christian,0
2020-04-24,Christian,2
2020-04-25,Christian,0
2020-04-26,Christian,-1
2020-04-27,Christian,-1
2020-04-28,Christian,0
2020-04-29,Christian,0
2020-04-30,Christian,0
2020-05-01,Christian,0
2020-05-02,Christian,-1
2020-05-03,Christian,2
2020-05-04,Christian,0
2020-05-05,Christian,0
2020-05-06,Christian,0
2020-05-07,Christian,1
2020-05-08,Christian,0
2020-05-09,Christian,0
2020-05-10,Christian,0
2020-05-11,Christian,0
2020-05-12,Christian,1
2020-05-13,Christian,1
2020-05-14,Christian,0
2020-05-15,Christian,0
2020-05-16,Christian,0
2020-05-17,Christian,0
2020-05-18,Christian,1
2020-05-19,Christian,0
2020-05-20,Christian,0
2020-05-21,Christian,0
2020-03-16,McLean,2
2020-03-17,McLean,0
2020-03-18,McLean,1
2020-03-19,McLean,0
2020-03-20,McLean,0
2020-03-21,McLean,0
2020-03-22,McLean,3
2020-03-23,McLean,0
2020-03-24,McLean,4
2020-03-25,McLean,3
2020-03-26,McLean,2
2020-03-27,McLean,0
2020-03-28,McLean,13
2020-03-29,McLean,3
2020-03-30,McLean,5
2020-03-31,McLean,6
2020-04-01,McLean,0
2020-04-02,McLean,11
2020-04-03,McLean,8
2020-04-04,McLean,4
2020-04-05,McLean,6
2020-04-06,McLean,0
2020-04-07,McLean,2
2020-04-08,McLean,2
2020-04-09,McLean,2
2020-04-10,McLean,1
2020-04-11,McLean,0
2020-04-12,McLean,1
2020-04-13,McLean,0
2020-04-14,McLean,2
2020-04-15,McLean,1
2020-04-16,McLean,0
2020-04-17,McLean,0
2020-04-18,McLean,1
2020-04-19,McLean,0
2020-04-20,McLean,1
2020-04-21,McLean,0
2020-04-22,McLean,4
2020-04-23,McLean,2
2020-04-24,McLean,0
2020-04-25,McLean,1
2020-04-26,McLean,2
2020-04-27,McLean,2
2020-04-28,McLean,0
2020-04-29,McLean,4
2020-04-30,McLean,0
2020-05-01,McLean,5
2020-05-02,McLean,2
2020-05-03,McLean,2
2020-05-04,McLean,3
2020-05-05,McLean,2
2020-05-06,McLean,4
2020-05-07,McLean,5
2020-05-08,McLean,1
2020-05-09,McLean,3
2020-05-10,McLean,2
2020-05-11,McLean,26
2020-05-12,McLean,12
2020-05-13,McLean,16
2020-05-14,McLean,3
2020-05-15,McLean,2
2020-05-16,McLean,4
2020-05-17,McLean,0
2020-05-18,McLean,7
2020-05-19,McLean,2
2020-05-20,McLean,7
2020-05-21,McLean,1
